[
 {
   "A": "Characters: Ingrid Baars, Ralph Bakshi, John Bauer, Ed Binkley, Olivier Bonhomme, Tim Bradstreet, Tim Burton, John Buscema, Kaethe Butcher, Bob Byerley, John Byrne, Ray Caesar, Randolph Caldecott, Laura Callaghan, Leonora Carrington, Santiago Caruso, Elizabeth Catlett, Travis Charest, Pierre Puvis de Chavannes, Howard Chaykin, Sandra Chevrier, Sandra Chevrier, Harry Clarke, Harry Clarke, Dean Cornwell, Walter Crane, Guido Crepax, Farel Dalrymple, Guy Denning, Tony DiTerlizzi, Anna Dittmann, Gustave Doré, Edmund Dulac, Gil Elvgren, Malika Favre, Lisk Feng, Harrison Fisher, Hal Foster, Jon Foster, Ernst Fuchs, Henry Fuseli, Daniel Gerhartz, Daniel F Gerhartz, Atey Ghailan, Atey Ghailan, Vittorio Giardino, Jean-Pierre Gibrat, Hendrick Goltzius, Laurie Greasley, Elizabeth Shippen Green, Peter Gric, George Grosz, Sam Guay, Asaf Hanuka, Tim Hildebrandt, Dan Hillier, Aaron Horkey, Shenho Hshieh, Bodil Jane, Chantal Joffe, Chantal Joffe, James Allen St. John, Rupi Kaur, Heinrich Kley, Daniel Ridgway Knight, Ayami Kojima, Brad Kunkle, Eric Lacombe, Carl Larsson, Dorothy Lathrop, Alexis Marcou, Chris Mars, Tomokazu Matsuyama, Marco Mazzoni, Seb McKinnon, Robert Mcginnis, Kentaro Miura, Kent Monkman, Rowena Morrill, Lee Moyer, Augustus Edwin Mulready, Mario Sanchez Nevado, Victo Ngai, Dustin Nguyen, Kay Nielsen, Glen Orbik, Ida Rentoul Outhwaite, John Jude Palencar, Keith Parkinson, John Picacio, Anton Pieck, Mike Ploog, Paul Pope, José Guadalupe Posada, Henry Raleigh, Jakub Rebelka, Lotte Reiniger, Frederic Remington, Wayne Reynolds, Gordon Rowe, Rafael Sarmento, Mead Schaeffer, Egon Schiele, François Schuiten, Vicente Segrelles, Cynthia Sheppard, Bill Sienkiewicz, Wojciech Siudmak, Jessie Willcox Smith, Barry Windsor Smith, Matthew Stawicki, Drew Struzan, Arthur Suydam, Rufino Tamayo, Shaun Tan, Jacques Tardi, J. P. Targete, Ben Templesmith, Gustaf Tenggren, Saul Tepper, Katsuya Terada, Viktor Vasnetsov, Charles Vess, Mikhail Vrubel, Josephine Wall, Xuetong Wang, David Wenzel, Eva Widermann, Kehinde Wiley",
   "B": "Panteha Abareshi, Eleanor Abbott, Chris Achilleos, Anne Anderson, Steve Argyle, George Barr, Pauline Baynes, Wylie Beckert, Pascal Blanché, Paul Bonner, Alix Branwyn, Frank Brunner, Clyde Caldwell, Thomas Canty, Thomas Canty, Gary Chalk, Jason Chan, Hsiao Ron Cheng, James C. Christensen, Kinuko Y. Craft, Liz Danforth, Paul Davey, Jennifer Dionisio, Thomas Ehretsmann, Larry Elmore, Ed Emshwiller, Stephen Fabian, Anato Finstark, Tom Fleming, Brad W. Foster, Marly Gallardo, Donato Giancola, Melvyn Grant, Helen Green, James Gurney, Leesha Hannigan, John Howem, Judson Huss, James Jean, Ruan Jia, Patrick J. Jones, Joe Jusko, Bijou Karman, Tom Kidd, Josh Kirby, Roy Krenkel, Todd Lockwood, Dan Luvisi, Don Maitz, Bruno Mangyoku, Iain McCaig, Shawn McManus, Ilene Meyer, Victor Adame Minguez, Jeff Miracola, Cedric Peyravernay, Jorge Roa, Greg Rutkowski, William Santiago, Jana Schirmir, Nene Thomas, Randy Vargas, Johannes Voss, Olivia Waller, Bayard Wu"
 },
 {
   "A": "Paint: Edwin Austin Abbey, Georgina de Albuquerque, Lawrence Alma-Tadema, Sophie Anderson, Hans Baldung, Balthus, Antônio Rafael Pinto Bandeira, Duccio Di Buoninsegna, Bob Byerley, Canaletto, Vittore Carpaccio, Annibale Carracci, Pierre Puvis de Chavannes, Pieter Claesz, Richard Dadd, Sherree Valentine Daines, Gerard David, Ted Degrazia, Paul Delvaux, Joseph Wright Of Derby, Thomas Eakins, Rosso Fiorentino, Henry Fuseli, Daniel Gerhartz, Daniel F Gerhartz, Giorgione, Benozzo Gozzoli, Théodore Géricault, Vilhelm Hammershoi, William Hogarth, Carl Holsoe, Gerard van Honthorst, Pieter de Hooch, William Holman Hunt, Geertgen Tot Sint Jans, José Ferraz de Almeida Júnior, Daniel Ridgway Knight, Wifredo Lam, Edwin Henry Landseer, Walter Langley, Tamara Lempicka, Maximilien Luce, George Luks, Margaret Macdonald Mackintosh, Antonio Mancini, Jan Matejko, Frederick McCubbin, John Everett Millais, Gustave Moreau, Augustus Edwin Mulready, Naza, Ismael Nery, Constancia Nery, Antônio Parreiras, Clara Peeters, Pontormo, Candido Portinari, Odilon Redon, Dante Gabriel Rossetti, Henri Rousseau, Martin Schongauer, Lasar Segall, Frans Snyders, Stanley Spencer, Irma Stern, Simplício Rodrigues de Sá, Doménikos Theotokopoulos, Giovanni Battista Tiepolo, Tintoretto, Suzanne Valadon, Remedios Varo, Viktor Vasnetsov, Adriaen van de Venne, Leon Viorescu, Eliseu Visconti, Jean Antoine Watteau, Kehinde Wiley, Bertha Worms, Andrew Wyeth, Niobe Xandó, Emmanuel Zamor, Francisco Zurbaran",
   "B": "Emiliano Di Cavalcanti, Jean-Baptiste Debret, Augustus Earle, José Ferraz de Almeida Júnior, Herrad von Landsberg, June Leaf, Anita Malfatti, Djanira da Motta e Silva"
 },
 {
   "A": "Cartoons: Arthur Adams, Jean Adamson, Maria Pascual Alberich, Maja Andersen, Honor C. Appleton, Peter Arno, Boris Artzybasheff, AssasinMonkey, Russell Ayto, Lois Van Baarle, Peter Bagge, Kyle Baker, Ralph Bakshi, Carl Barks, Jasmine Becket-Griffith, Ludwig Bemelmans, Elsa Beskow, Quentin Blake, Barry Blitt, Brian Bolland, Tim Bradstreet, Frank Brunner, Tom Bunk, John Buscema, Sal Buscema, J. Scott Campbell, Milton Caniff, Eric Carle, Lewis Carroll, Edd Cartier, Gary Chalk, Travis Charest, Roz Chast, Howard Chaykin, Frank Cho, Jack Cole, Guido Crepax, Robert Crumb, Farel Dalrymple, Geof Darrow, Alan Davis, Jim Davis, Dan DeCarlo, Archie Dickens, Steve Dillon, Walt Disney, Aaron Douglas, Edmund Dulac, Aurélia Durand, David Firth, Phil Foglio, Cassandra Fountaine, Vittorio Giardino, Jean-Pierre Gibrat, Shane Glines, Rube Goldberg, Milica Golubovic, Vernon Grant, Laurie Greasley, Matt Groening, William Gropper, Wanda Gág, Martin Handford, Vashti Harrison, Butch Hartman, Hergé, Don Hertzfeld, Stephen Hillenburg, Josh Howard, Adam Hughes, Ub Iwerks, Tove Jannson, Tove Jansson, John Romita Jr, Mike Judge, Jean Jullien, Sam Kalda, John Kricfalusi, Fran Labuschagne, Gary Larson, Edward Lear, Jim Lee, Loe Lee, Jeff Lemire, Roy Lichtenstein, Seth MacFarlane, Kevin Maguire, Bill Mantlo, Todd McFarlane, Aaron McGruder, Shawn McManus, Frank Miller, Kentaro Miura, Dean Motter, Joe Murray, Thomas Nast, Nigar Nazar, Dustin Nguyen, James O'Barr, Ida Rentoul Outhwaite, Ziraldo Alves Pinto, Andy J. Pizza, Paul Pope, José Guadalupe Posada, Kristen Radtke, Roberto Raviola, Roy Raymonde, Al Rio, Shelby Robertson, W. Heath Robinson, Antoine De Saint-Exupéry, Marjane Satrapi, Richard Scarry, Charles M. Schulz, Elzie Crisler Segar, Dr. Seuss, E.H. Shepard, Walt Simonson, Alva Skog, Jeff Smith, Jim Starlin, Ralph Steadman, William Steig, Saul Steinberg, Brian Stelfreeze, Jim Steranko, Dave Stevens, Jillian Tamaki, Jacques Tardi, John Tenniel, Piper Thibodeau, Frank Thorne, Bruce Timm, Garry Trudeau, Tasha Tudor, TwoKinds, Albert Uderzo, Tomi Ungerer, Charles Vess, Adrianne Walujo, Chris Ware, Bill Watterson, Al Williamson, Bill Willingham, Basil Wolverton, Wally Wood, Dean Yeagle, Tofunmi Yosola, Aleksandar Andi Zolotic",
   "B": "Brian Despain, Kirbi Fagan, Johannes Helgeson, Claire Hummel, Craig McCracken, Mauricio de Sousa, Art Spiegelman"
 },
 {
   "A": "Anime/Anthro: AssasinMonkey, Lois Van Baarle, Jasmine Becket-Griffith, Atey Ghailan, Shotaro Ishinomori, Junji Ito, Shintaro Kago, Tatsuro Kiuchi, Ayami Kojima, Satoshi Kon, Leiji Matsumoto, Kentaro Miura, Yusuke Murata, Go Nagai, Dustin Nguyen, Takeshi Obata, Paul Pope, Shigenori Soejima, Ken Sugimori, Katsuya Terada, Piper Thibodeau, Yoshihiro Togashi, TwoKinds",
   "B": "Rebekka Dunlap, Mitsukai Inki, Horacio Sandoval, Hong SoonSang"
 },
 {
   "A": "Creatures: John Bauer, Tim Burton, Tony DiTerlizzi, David Firth, Stephen Gammell, Naoto Hattori, Stephen Hickman, Junji Ito, Heinrich Kley, Kawanabe Kyōsai, Rodney Matthews, Ian Miller, Rowena Morrill, Dan Mumford, Tsutomu Nihei, John Jude Palencar, Jerry Pinkney, Mike Ploog, Wayne Reynolds, Vicente Segrelles, John Sibbick, Darrell K. Sweet, Shaun Tan, Gustaf Tenggren, Charles Vess, Patrick Woodroffe",
   "B": "Anne Anderson, Greg Broadmore, Ciruelo Cabral, Edd Cartier, Bob Eggleton, Dave Melvin"
 },
 {
   "A": "Sci-fi: Paul Alexander, Alan Bean, Chesley Bonestell, Jim Burns, Jack Coggins, Vincent DiFate, Peter Elson, Ed Emshwiller, Vincent Di Fate, Hugh Ferriss, Jack Gaughan, Laurie Greasley, Peter Gric, James Gurney, Alan Gutierrez, Matt Jefferies, Eddie Jones, Peter Andrew Jones, Naoyuki Kato, Thomas Kidd, Alexei Leonov, Alexander Leydenfrost, Peter Lloyd, Stephan Martinière, Angus McKie, Ron Miller, Chris Moore, Dan Mumford, Shusei Nagaoka, Noriyoshi Ohrai, Frank Paul, Bruce Pennington, Pat Rawlings, Jakub Rozalski, John Schoenherr, Alex Schomburg, Vicente Segrelles, Daniel Simon, Hajime Sorayama, Rick Sternbach, Simon Stålenhag, Hidetaka Tenjin, Ron Walotsky, Mike Winkelmann, Paul Youll, Stephen Youll, sparth",
   "B": ""
 },
 {
   "A": "Landscapes: Alena Aenami, Thomas Allom, Hendrick Avercamp, Chesley Bonestell, Franklin Booth, Charles E. Burchfield, Tim Burton, Arnold Böcklin, Guido Borelli da Caluso, Canaletto, Leonora Carrington, Santiago Caruso, Alan M. Clark, Liam Cobb, Camille Corot, Gustave Courbet, Walter Crane, Henri-Edmond Cross, Richard Dadd, Edwin Deakin, Paul Delvaux, Joseph Wright Of Derby, Aaron Douglas, Edmund Dulac, Harvey Dunn, Eyvind Earle, Lisk Feng, Caspar David Friedrich, Milica Golubovic, Rob Gonsalves, Laurie Greasley, Lawren Harris, Lawren Harris, Kawase Hasui, Martin Johnson Heade, Tim Hildebrandt, Naohisa Inoue, Hasui Kawase, John Frederick Kensett, Thomas Kidd, Josh Kirby, Tatsuro Kiuchi, Daniel Ridgway Knight, Alfred Kubin, Vladimir Kush, Kawanabe Kyōsai, Wifredo Lam, Carl Larsson, Alan Lee, Kyutae Lee, Paul Lehr, Pete Lloyd, Claude Lorrain, Stephan Martiniere, Stephan Martinière, Tomokazu Matsuyama, Rodney Matthews, Frederick McCubbin, Seb McKinnon, Willard Leroy Metcalf, Ilene Meyer, Anna Mill, Ron Miller, Kent Monkman, Edward Moran, Anna Mary Robertson Moses, Gerhard Munthe, Victo Ngai, Kay Nielsen, Bruce Pennington, Ludek Pesek, Anton Pieck, Giovanni Battista Piranesi, Fairfield Porter, Jakub Rebelka, Terry Redlin, Frederic Remington, Henri Rousseau, Kay Sage, Alexei Savrasov, François Schuiten, Dan Seagrave, Franz Sedlacek, Dr. Seuss, Ivan Shishkin, Jeffrey Smith, Anne Sudworth, John Henry Twachtman, Christophe Vacher, Viktor Vasnetsov, Charles Vess, Charles Vess, Josephine Wall, Olivia Waller, Xuetong Wang, Neil Welliver, David Wenzel, Al Williamson, Liam Wong, Patrick Woodroffe, Andrew Wyeth, Jacek Yerka",
   "B": "John Avon, Gilles Beloeil, Flavio Bolla, Noah Bradley, Augustus Earle, Augustus Earle, David A. Hardy, George Johnstone, Tuomas Korpi, Raphael Lacoste, Stephanie Law, Ferreira Louis Marius, John Martin, Victor Meirelles, Tibor Nagy, Constancia Nery, Kazuo Oga, James Paick, Karl Ernst Papf, Adam Paquette, Antonio Parreiras, Manuel de Araújo Porto-Alegre, Shaddy Safadi, John Stephens, Natasha Tan, Tillie Walden, Hiroshi Yoshida, Emmanuel Zamor"
 },
 {
   "A": "Other/World: Francisco Aurélio de Figueiredo e Melo (1854–1916), Pacita Abad, Kenojuak Ashevak, Francis Bacon, Oleksandr Balbyshev, Miquel Barcelo, Rafael Barradas, Rick Bartow, Georg Baselitz, Romare Bearden, Fernando Botero, Mark Bradford, Cecily Brown, Li Shan Chong, Tiffany Chung, George Condo, Njideka Akunyili Crosby, Njideka Akunyili Crosby, John Currin, Zhang Daqian, Prince Demah, Peter Doig, Robert Seldon Duncanson, Albert Eckhout, Camilo Egas, Max Ernst, José María Espinosa, Zeng Fanzhi, Pedro José Figueroa, Tim Fowler, Lucian Freud, Günther Förg, Klaus Enrique Gerdes, Adrian Ghenie, Sam Gilliam, Mark Grotjahn, Cai Guo-Qiang, Niki Hare, Keith Haring, Edwin Harleston, Joe Hesketh, Damien Hirst, David Hockney, Fred Ingrams, Joshua Johnson, Gu Kaizhi, Aron of Kangeq, Alex Katz, Anselm Kiefer, Anselm Kiefer, Emily Kame Kngwarreye, Fan Kuan, Yayoi Kusama, Jacob Lawrence, Edmonia Lewis, Roy Lichtenstein, Mikela Henry Lowe, Kerry James Marshall, Wang Meng, Zhao Mengfu, Joan Miró, Joan Miró, Archibald Motley, Yoshitomo Nara, Albert Oehlen, José Clemente Orozco, José Clemente Orozco, Charly Palmer, Horace Pippin, Sigmar Polke, Richard Prince, Minnie Pwerle, Arnulf Rainer, Robert Rauschenberg, Gerhard Richter, Thomas Schütte, Joaquin Sorolla, Rudolf Stingel, Henry Ossawa Tanner, Alma Thomas, Mick Namarari Tjapaltjarri, Clifford Possum Tjapaltjarri, Christine Ay Tjoe, Luc Tuymans, Raja Ravi Varma, Liu Wei, Barbara Weir, Ai Weiwei, Kehinde Wiley, Kehinde Wiley, Christopher Wool, Liu Xiaodong, Liu Xiaodong, Zhang Xiaogang, Haegue Yang, Tang Yin, Luo Zhongli, Shen Zhou, Heimo Zobernig",
   "B": ""
 },
 {
   "A": "https://en.wikipedia.org/wiki/Lists_of_painters_by_nationality",
   "B": ""
 },
 {
   "A": "https://en.wikipedia.org/wiki/List_of_caricaturists",
   "B": ""
 },
 {
   "A": "https://en.wikipedia.org/wiki/List_of_cartoonists",
   "B": ""
 },
 {
   "A": "https://en.wikipedia.org/wiki/List_of_manga_artists",
   "B": ""
 },
 {
   "A": "https://en.wikipedia.org/wiki/List_of_African-American_visual_artists",
   "B": ""
 },
 {
   "A": "https://en.wikipedia.org/wiki/List_of_Muslim_painters",
   "B": ""
 },
 {
   "A": "https://en.wikipedia.org/wiki/List_of_Indigenous_Australian_visual_artists",
   "B": ""
 },
 {
   "A": "https://en.wikipedia.org/wiki/List_of_Russian_landscape_painters",
   "B": ""
 },
 {
   "A": "https://en.wikipedia.org/wiki/List_of_LGBT_artists",
   "B": ""
 },
 {
   "A": "https://en.wikipedia.org/wiki/List_of_Native_American_artists",
   "B": ""
 },
 {
   "A": "https://en.wikipedia.org/wiki/List_of_Native_American_women_artists",
   "B": ""
 },
 {
   "A": "https://en.wikipedia.org/wiki/List_of_Canadian_women_artists",
   "B": ""
 },
 {
   "A": "https://en.wikipedia.org/wiki/Women_Artists_of_Bangladesh",
   "B": ""
 },
 {
   "A": "https://en.wikipedia.org/wiki/List_of_Scottish_women_artists",
   "B": ""
 },
 {
   "A": "https://en.wikipedia.org/wiki/List_of_Jewish_American_cartoonists",
   "B": ""
 },
 {
   "A": "https://en.wikipedia.org/wiki/List_of_artists_who_painted_Hawaii_and_its_people",
   "B": ""
 },
 {
   "A": "https://en.wikipedia.org/wiki/List_of_feminist_artists",
   "B": ""
 },
 {
   "A": "https://en.wikipedia.org/wiki/List_of_Orientalist_artists",
   "B": ""
 },
 {
   "A": "https://en.wikipedia.org/wiki/Women_surrealists",
   "B": ""
 },
 {
   "A": "https://en.wikipedia.org/wiki/List_of_photographers",
   "B": ""
 },
 {
   "A": "https://en.wikipedia.org/wiki/List_of_American_architects",
   "B": ""
 },
 {
   "A": "https://en.wikipedia.org/wiki/African-American_architects",
   "B": ""
 },
 {
   "A": "https://en.wikipedia.org/wiki/List_of_American_botanical_illustrators",
   "B": ""
 },
 {
   "A": "https://en.wikipedia.org/wiki/List_of_Australian_botanical_illustrators",
   "B": ""
 },
 {
   "A": "https://en.wikipedia.org/wiki/List_of_Irish_botanical_illustrators",
   "B": ""
 },
 {
   "A": "https://en.wikipedia.org/wiki/List_of_poster_artists",
   "B": ""
 },
 {
   "A": "https://en.wikipedia.org/wiki/List_of_Soviet_poster_artists",
   "B": ""
 },
 {
   "A": "https://en.wikipedia.org/wiki/List_of_wildlife_artists",
   "B": ""
 }
]